Title,Links
TRYING A FULL FACE OF MAKEUP FROM FOREVER 21!,"https://youtu.be/LOrm_I7lvnU
http://bit.ly/JamesCharles"
FOREVER 21 SHOP WITH ME  | NEW FOREVER 21 CLOTHING FINDS | AFFORDABLE FASHION,https://bit.ly/38Nljyi
Rainbow Six Siege GMV // Forever 21,"https://soundcloud.com/officialgoner
https://www.sptfy.com/GONER
https://soundcloud.com/rhino-tv
https://open.spotify.com/playlist/3UUbEC256V48OFtcXVAl9z?si=TVJUncBKR2qEH6tbFt0oqg
https://discord.gg/RXJcz9v"
Forever 21 Shopping Vlog May 2023,"https://youtu.be/u3B2HTtbl1Y
https://youtu.be/ab6f8rdXGd4
https://youtu.be/m_7xH2et8Cg
https://youtu.be/yAjLprUr_tg
https://www.amazon.com/shop/shaniceshoppingsaga?ref=inf_own_shaniceshoppingsaga
https://fetchrewards.onelink.me/vvv3/referraltext?code=QA7NJ1
https://www.amazon.com/baby-reg/shanice-p-october-2022-newbritain/7B2T4NKQ92K"
FOREVER 21 OUTLETüíùREEBOK COLLECTION and more +,https://www.buymeacoffee.com/redbeauty6W
TOUR NA NOVA FOREVER 21 DE ORLANDO - FLORIDA MALL,"https://ig.me/j/AbZqll703fwIvuP_/
https://t.me/turistorlando
https://linktr.ee/turistorlando
https://wa.me/message/BSOIUS2FVQ5IA1
https://t.me/evelynpersonalshopper"
Buying My Daughter Everything She Wants at Forever 21,https://youtu.be/djJOO7NoVk8
FOREVER 21 SHOP WITH ME  | NEW FOREVER 21 CLOTHING FINDS | AFFORDABLE FASHION,"https://shopstyle.it/l/bU700
https://shopstyle.it/l/bU71G
https://shopstyle.it/l/bU71K
https://shopstyle.it/l/bU72Q
https://shopstyle.it/l/bU721
https://shopstyle.it/l/bU711
https://shopstyle.it/l/bU715
https://shopstyle.it/l/bU72h
https://shopstyle.it/l/bU73e
https://shopstyle.it/l/bU72j
https://shopstyle.it/l/bU73f
https://shopstyle.it/l/bU72l
https://shopstyle.it/l/bU73j
https://shopstyle.it/l/bU73p
https://shopstyle.it/l/bU72o
https://shopstyle.it/l/bU72s
https://shopstyle.it/l/bU73x
https://shopstyle.it/l/bU72u
https://shopstyle.it/l/bU75Z
https://shopstyle.it/l/bU751
https://shopstyle.it/l/bU74I
https://shopstyle.it/l/bU74B
https://shopstyle.it/l/bU754
https://shopstyle.it/l/bU74M
https://shopstyle.it/l/bU74O
https://shopstyle.it/l/bU74P
https://shopstyle.it/l/bU756
https://shopstyle.it/l/bU74Q
https://shopstyle.it/l/bU736
https://shopstyle.it/l/bU739
https://shopstyle.it/l/bU74b
https://shopstyle.it/l/bU74S
https://shopstyle.it/l/bU74T
https://shopstyle.it/l/bU74u
https://shopstyle.it/l/bU74U
https://shopstyle.it/l/bU74V
https://shopstyle.it/l/bU757
https://shopstyle.it/l/bU747
https://shopstyle.it/l/bU76e
https://shopstyle.it/l/bU74Z
https://shopstyle.it/l/bU76g
https://shopstyle.it/l/bU741
https://shopstyle.it/l/bU74w
https://shopstyle.it/l/bU74X
https://shopstyle.it/l/bU743-
https://shopstyle.it/l/bU744
https://shopstyle.it/l/bU746
https://shopstyle.it/l/bU74C
https://shopstyle.it/l/bU75U
https://bit.ly/38Nljyi"
"forever 21? no, you&#39;re not #anjelahjohnson","https://bit.ly/2Kncxw6
http://nflx.it/29BcWb5
http://bit.ly/3ZsoIeO"
WORTH the HYPE?! Reviewing the Whole Forever 21 x Barneys Collection,https://go.magik.ly/ml/1wk0j/
"COLLECTIVE HAUL | WHAT‚ÄôS NEW IN MY CAPSULE WARDROBE |  H&amp;M, ZARA, FOREVER 21 &amp; MORE!","https://rstyle.me/+iKK0jdy92IH3X9fT9giReg
https://rstyle.me/+zeQnAOIozuMQkg4PK4X2zQ
https://rstyle.me/+SK2fc_TkvEE1ZekMTpo7qQ
https://rstyle.me/+B0b10g0zuQ6OmopqZqeruQ
https://rstyle.me/+zbgb_aM8cBLZkPaoK1LaIQ
https://rstyle.me/+3t5SkTkYPD-qBF0jwnnP5w
https://rstyle.me/+ht6ahbITfdLQlzBqic3z8A
https://rstyle.me/+1mjcZImq1YeS7Zfr2gTCHw
https://rstyle.me/+W5ntMQaYppsisUQRukbuww
https://rstyle.me/+7jEQ0VBuaQlwy6cE5mEgKw
https://rstyle.me/+eLQHtDIoudZjxBwDKgSwYA
https://rstyle.me/+vj5lfzDUx3uCW3sfLoIaWQ
https://rstyle.me/+nGeyuGLXMfU8n54YItX5zA
https://rstyle.me/+cmP8JXcVpN33aJ_dMuolhg
https://rstyle.me/+xGOMcq2uDyyrWIA7F-kcqg
https://www.zara.com/us/en/cropped-gabardine-shirt-p04432029.html?v1=311197790&gclid=Cj0KCQiA3uGqBhDdARIsAFeJ5r13VdHozSqgzglpz6jsF2zjBOCZOH0hhba66-cuD4FmbuyzQH66n2gaAoc7EALw_wcB
https://rstyle.me/+6hPir0Ft0pqdErEYT0dWDQ
https://rstyle.me/+Susm3YG82ZoD77rTVLWGVQ
https://rstyle.me/+-NJsdRWQoLEdfDJxnAKbEQ
https://rstyle.me/+thCBXsF8LtzuiOh9liybbg
https://www.goodreads.com/user/show/9379247-keoshia
https://rstyle.me/+PEDdZAEFZT5ephMa3yfxCQ
https://rstyle.me/+GR40w5V9sZ0pWNDMVeFpAQ
https://www.epidemicsound.com/playlis..."
‚ù§Ô∏èüëóüë†üëõ FOREVER 21 NEW FASHION FINDS!! SPRING FASHION DRESSES SHOES &amp; HANDBAGS | SHOP WITH ME,"https://youtu.be/Iy116PJdWak
https://youtu.be/3anB7wWh7Tg
https://youtu.be/rvul_y3sQ0Y
https://youtu.be/80xTI1CoebE
https://youtu.be/-7fKOVuCpbE
https://youtu.be/DbR1lhzDglw
https://youtu.be/6G11pNel9d0
https://youtu.be/PSGOFkZy2fw
https://youtu.be/PSGOFkZy2fw
https://youtu.be/Ku-2gOsvHZE
https://youtu.be/wp4mNVtUJDU
https://youtu.be/b5T0o0yftvI
https://youtu.be/LwAgUl0PqFs
https://youtu.be/yUimWhGAsj8
https://youtu.be/Z887tRHVZKg
https://youtu.be/9nco23cUyn4
https://youtu.be/LGgTUtwY8wU
https://youtu.be/mN9-4rF7q6g
https://youtu.be/9QVjUqCcz8s
https://youtu.be/2AF8PovX39Q
https://youtu.be/7dJeFKuqQq4
https://youtu.be/Tz45W0ViCIM
https://youtu.be/nOl_L-2X5pA
https://youtu.be/RQatXjhHP1I
https://youtu.be/pKlrqOOMNF8
https://youtu.be/6PT7fFqxO0c"
"GIRLY WINTER COLLECTIVE HAUL | Temu, Ross, &amp; forever 21 x hello kitty angel collection","https://share.temu.com/qfyLZl07cFA
https://share.temu.com/yjpX6kjaClA
https://share.temu.com/8hU25oiv5xA
https://share.temu.com/wLXejTikMGA"
"Summer Shopping With Me at Forever 21 Urban Planets Canada, Shopping Haul, Affordable Stores Canada",https://creativecommons.org/licenses
Forever 21x Barbie Haul‚Ä¶.Welcome to my channel,https://www.forever21.com/on/demandware.store/Sites-forever21-Site/en_US/Search-Show?q=barbie%20collection
Forever 21 | Spring 2023,https://www.forever21.com/
Forever 21 launched in Dimapur,https://www.morungexpress.com/forever-21-officially-enters-nagaland
