Title,Links,VideoLink
My Favorite Clothing Brands Right Now (apart from UNIQLO),"https://c.klarna.com/al/AGrw/
https://c.klarna.com/al/AH6A/
https://c.klarna.com/al/AH6h/
https://c.klarna.com/al/AGrx/
https://c.klarna.com/al/AH7E/
https://c.klarna.com/al/AH7F/
https://bit.ly/3Jrormb
https://bit.ly/3W77Hbg
https://bit.ly/3Us1qWD
https://bit.ly/4aUvpvI
https://bit.ly/3W6ckCx
https://bit.ly/4d2V4nH
https://bit.ly/3W513lR
https://bit.ly/4d9PJuP
https://c.klarna.com/al/AH7K/
https://c.klarna.com/al/AGs1/
https://c.klarna.com/al/AH7G/
https://c.klarna.com/al/AH7H/
https://c.klarna.com/al/AGs2/
https://c.klarna.com/al/AH7J/
https://bit.ly/3JqX0ZR
https://c.klarna.com/al/AH7I/
http://share.epidemicsound.com/tgVQ8
https://amzn.to/3AGD4OA
https://amzn.to/3U2r6FJ
https://amzn.to/3zoy0xh
https://amzn.to/3mypwRv",https://www.youtube.com/watch?v=QgGaf6wGnEk
"UNIQLO U SPRING SUMMER 2024 | Review, Try-On Haul and Styling | Outfit Ideas feat. Margiela New Tabi","https://bit.ly/2Pz6JPM
https://bit.ly/30qxmBo
https://bit.ly/3m1WnKD
https://www.woahstylecloset.com/
https://bit.ly/3Tgkg27
https://slooks.top/6pyL/64
https://slooks.top/6rIg/64
https://slooks.top/70Ss/64
https://bit.ly/3UhducZ
https://slooks.top/71Ja/64
https://slooks.top/70jN/64
https://slooks.top/70Su/64
https://slooks.top/70St/64
https://slooks.top/70td/64
https://slooks.top/71Jc/64
https://slooks.top/71Ja/64
https://slooks.top/70jN/64
https://slooks.top/71t5/64
https://slooks.top/71t6/64
https://slooks.top/70Sv/64
https://slooks.top/71GR/64
https://slooks.top/71Jd/64
https://slooks.top/71Je/64
https://slooks.top/71Jf/64
https://slooks.top/71tc/64
https://slooks.top/71ta/64
https://slooks.top/71GR/64
https://slooks.top/71Jd/64
https://slooks.top/71Je/64",https://www.youtube.com/watch?v=eCA1r9zb9a0
