brand,avg_brand_rating
KNOWN SUPPLY,2.85
AMENDI,3.233333333333333
SANVT,1.7
Patagonia,4.333333333333333
Scotch & Soda,3.3
KINdom,1.7
Ecoalf,2.85
Unspun,3.9
Pangaia,3.766666666666667
Po-Zu,2.85
Taylor Stitch,3.15
Selfmade,3.3
Wolven,3.233333333333333
People Tree,3.9
DillySocks,3.233333333333333
Thousand Fell,1.7
The Good Tee,5.0
Reprise,1.7
CHNGE,3.766666666666667
Pact,3.766666666666667
Girlfriend Collective,3.766666666666667
prAna,2.35
Conscious Step,2.85
NAADAM,2.35
Save the Duck,3.15
EDWIN,1.7
Kozm,1.7
Adelante Made-to-Order,5.0
Coalatree,3.15
The Classic T-Shirt Company,2.85
SOKO,3.3
Frankie Collective,2.85
Brilliant Earth,1.7
Whimsy + Row,3.766666666666667
Triarchy,4.433333333333334
Ecologyst,3.3
Astor & Orion,1.7
Reformation,3.233333333333333
Nisolo,2.85
Colorful Standard,3.766666666666667
GOEX Apparel,1.7
Beckett Simonon,3.3
ADIFF,3.3
Filippa K,1.7
Kuyichi Pure Goods,5.0
Parker Clay,2.85
Dedicated,3.9
AlterX Co.,3.3
BAM Bamboo Clothing,2.85
culthread,5.0
Koio,2.35
Tentree,3.766666666666667
Kotn,3.766666666666667
Zero Waste Daniel,4.333333333333333
Ninety Percent,3.766666666666667
Cotopaxi,3.233333333333333
ETRE Organic Underwear,1.7
Boyish Jeans,5.0
United by Blue,2.85
Nudie Jeans,5.0
Organic Basics,3.9
Suit Supply,3.3
Frank & Oak,1.7
ISTO,2.85
Subset,5.0
MATE the Label,3.766666666666667
Iron Roots,3.9
Warby Parker,1.7
Finisterre,3.233333333333333
Fite Fashion,1.7
Icebreaker,2.566666666666667
MUD Jeans,5.0
Arvin Goods,1.7
Toad&Co,3.65
Voyce Threads,1.7
Ten Thousand Villages,1.7
Groceries Apparel,2.85
OSOM,1.7
No Nasties,5.0
8000Kicks,1.7
Ministry of Supply,2.85
Topiku,3.3
Liila,1.7
Up-fuse,4.5
Outerknown,4.333333333333333
Etiko,5.0
Hernest Project,3.233333333333333
PANAFRICA,2.85
Teemill,3.35
Veja,2.85
Lucy & Yak,4.333333333333333
Marimekko,1.7
Asket,3.233333333333333
Burning Heart,3.3
Vustra,1.7
Rozenbroek,3.5666666666666664
ARMEDANGELS,3.9
TAMGA,3.3
Outland Denim,5.0
Kowtow,3.766666666666667
Stella McCartney,3.233333333333333
Indigenous,3.65
AARVEN,4.0
A A K S,4.0
Aestethic London,5.0
A-dam,4.0
Adele Dejak,3.0
Absolutely Bear,4.0
Adarche Clothing,4.0
A.BCH,5.0
AFROBLONDE,4.0
(di)vision,4.0
ACBC,3.0
A. ROEGE HOVE,4.0
A_C,4.0
AEANCE,4.0
AERA,4.0
Adidas,2.5
About Companions,4.0
A Happy Brand,4.0
Les Sublimes,4.0
[eyd],4.0
7PLIS,4.0
A Natural Connection,3.5
337 BRAND,4.0
AGMES,4.0
Adelaide C. Ecoage,4.0
Afends,4.0
1 People,4.0
4Kinship,4.0
Adidas by Stella McCartney,4.0
ABLE,4.0
Aiayu,4.0
Alder,3.0
amaud,5.0
Amber Days,4.0
Aks,4.0
Ales Grey,3.0
ALMOST THERE,4.0
Akola,4.0
AKOIASWIM,3.0
Altar,4.0
Amber Goes Green,4.0
Allmade,4.0
Altra,3.0
Alighieri,4.0
Ana Luisa,4.0
Amble Outdoors,4.0
amt.,4.0
Alchemy Goods,4.0
Amour Vert,4.0
Akala,4.0
Alkemie,4.0
All Blues,4.0
ALEEM YUSUF,4.0
All The Wild Roses,4.0
Ambiletics,4.0
ALTER X Company,4.0
Amadeus,4.0
Alchemist,4.0
allthingsfi,4.0
ANTTI,4.0
Apple Oak Fibre Works,5.0
ANINI,4.0
Arc’teryx,2.5
Araks,4.0
Anne Hermine,5.0
Art’Abaska,3.0
Ansea,4.0
Artichoke,4.0
ARIELLE,4.0
Anthea Crawford,4.0
Antiform,4.0
AndAll,4.0
Arnsdorf,4.0
Anabela Chan,4.0
Andorine,3.0
Another Tomorrow,4.0
arch4,3.0
Arrels Barcelona,4.0
Annie Hamilton,4.0
Antonello Tedde,4.0
Anchal,4.0
ARTICLE22,4.0
Après Studio,4.0
Artknit Studios,4.0
Andersen-Andersen,4.0
Anekdot,4.0
Angels Ambition,4.0
Anywhere,3.0
Ay,4.0
AuTerra,5.0
B.L.A.H.,3.0
Aventura,3.0
BAGGU,4.0
Avila,4.0
Bandsome,4.0
Aware…the social design project,4.0
Aster & Oak,5.0
Automic Gold,4.0
autark,4.0
Ayten Gasson,4.0
BASTET NOIR,4.0
B_Boheme,4.0
Athleta,3.0
Avani,4.0
Atelier Lavoisier,4.0
Bario Neal,4.0
B Sides,3.0
AVNIER,3.0
Baserange,4.0
ASK SCANDINAVIA,4.0
Balenciaga,3.0
BALL,3.0
Bam Loves Boo,4.0
Band of Rascals,5.0
Baiia,4.0
Auria Paris,5.0
bleed,4.0
Bhumi,4.0
Bibico,4.0
BAYTHE,4.0
Beaumont Organic,4.0
Bellerose,3.0
Billi London,4.0
BEEN London,4.0
Blonde Gone Rogue,4.0
BeeKeeper Parade,4.0
Biehler,4.0
BEDI,4.0
Becci Boo’s Custom Shoes,4.0
BITE,4.0
Batoko,4.0
BeezyMama,3.0
Biankina,4.0
Blanche,3.0
Bianca Spender,4.0
Bleue Burnham,4.0
Batch 1 UK,3.0
Bethany Williams,4.0
Baukjen,4.0
behno,4.0
Better World Fashion,4.0
Beyond Skin,4.0
Beulah,4.0
Blue Of A Kind,4.0
Bilboa,3.0
Birdsong,4.0
Bozena Jankowska,4.0
BUFF,4.0
blufruit,5.0
bogdar,4.0
Brothers We Stand,4.0
BoBo GloBal,4.0
Bougainvillea London,5.0
BOTTLETOP,4.0
Bolso,4.0
Botto Giuseppe,4.0
Boob,4.0
Brava Fabrics,4.0
Boody,4.0
BRING,4.0
BONDI BORN,4.0
Blutsgeschwister,4.0
Bunti,4.0
Burgeon Outdoor,3.0
Bonito,4.0
Bow&Bo,4.0
Blue Wren Collective,5.0
Boucheron,3.0
Boll & Branch,5.0
Bobo Choses,3.0
Boma,3.0
BOA Basics,4.0
Bon Label,4.5
Bower,4.0
Bluebuck,4.0
Boyish,4.0
Chelsea Bravo,4.0
Charli Cohen,4.0
CARCEL,3.0
By Walid,4.0
Casa Raki,4.0
Chillax,4.0
BYBBA,4.0
Charlee Swim,5.0
Camp Cove Swim,4.0
Capodimonti Cashmere,4.0
Chick Lane,3.0
Cagey’s Planet,4.0
CAFIN,4.0
Burton,3.0
Calle Del Mar,4.0
CARPASUS,4.0
Chic Made Consciously,4.0
Casco Totes,4.0
CASUPO,3.0
Burnt Soul,4.0
CARIUMA,4.0
CARE BY ME,4.0
Caftanii,3.0
BUSHY,4.0
CasaGIN,4.0
Carlie Ballard,4.5
Charlie Mae Swimwear,4.0
Catarina Mina,3.0
Carmina Campus,4.0
CAES,4.0
Classic Cotton Co,4.0
Converse,3.0
Circle Sportswear,3.0
COG,4.0
CHPO,3.0
ColieCo,4.5
Club Chainstitch,3.0
Christy Dawn,5.0
Chopova Lowena,4.0
Citizen Wolf,4.5
Coco & Kandy,4.0
CLOUDY,4.0
Coolawoola,4.0
Colorado Threads,3.0
Cleobella,4.0
Corkor,4.0
Come Back As A Flower,4.0
Contessa Volpi,4.0
Ciganka – Artforms from Nature,5.0
Clubhouse Vintage,4.0
Conscious the label,4.0
COSSAC,4.0
Continew,4.0
Cingomma,4.0
Coq en Pâte,4.0
Circos,4.0
DAWN Denim,5.0
Coyuchi,4.0
Dai,4.0
Crystalyn Kae,4.0
Cus,4.0
Diemonde,3.0
Dharma Bums,5.0
Deadwood,4.0
Deux Mains,4.0
Cuisse de Grenouille,3.0
Day Won,4.0
Desert Dyes,4.0
Desmond & Dempsey,4.0
Dickies,3.0
Destination Dress,4.0
Dear Denier,4.0
D&DEPARTMENT,4.0
Delayne Dixon,4.0
Designers Remix,4.0
Dilli Grey,4.0
Cousin Billie,4.0
Dazey LA,3.0
Dear Darling Berlin,4.0
Dapper Alice,4.0
DAYWEARLAB,4.0
Delikate Rayne,4.0
éclipse,5.0
Ekta Helsinki,4.0
Earth Divas,4.0
Dimples,4.0
Dots On Tots,4.0
Edwin USA,4.0
Ecoology,4.0
Edeline Lee,4.0
Dirty Velvet,4.0
Ecologie by AWDis,4.0
Eco Intimates,4.0
Dora Larsen,4.0
Dorsu,5.0
EcoRight,4.0
Dreamers & Drifters,3.0
econscious,4.0
Donatella Fabio Beachwear,3.0
Dominique Healy,4.0
DuchXFashion,5.0
E.L.V. Denim,5.0
Dressarte Paris,4.0
Drivemebikini,3.0
Divine,4.0
dk active,5.0
Eileen Fisher,4.0
ecuvo,4.0
DÔEN,3.0
Eguzkilore,4.0
Dresden,3.0
émoi émoi,3.0
Endless Joy,4.0
ÉTICA,5.0
ETQ,3.0
Ethletic,4.0
Elkline,4.0
Fabrik,4.0
EllA Fashion,4.0
ENDANGERED,4.0
eleven44,3.0
Enfant Terrible,4.0
Erin Draper,4.0
Elk,4.0
Erba,4.0
Elsien Gringhuis,4.0
Enter the E,4.0
Elizabeth Suzann Studio,4.0
ettitude,4.0
Elliss,4.0
Elle Evans,4.0
Escama Studio,4.0
Engel,4.0
Encircled,4.0
Elvis & Kresse,4.0
El Naturalista,3.0
Ella & Witt,4.0
erlich textil,3.0
Elegantees,4.0
Everpress,4.0
Flamingos’ Life,4.0
Florence Given,4.0
Fresh Cuts Clothing,4.0
FM 669,4.0
Flare Street,5.0
Fair Harbor,3.0
FUTURA Jewelry,5.0
Floris van Bommel,3.0
Fayettechill,4.0
Free Label,4.0
FREED,4.0
Finn + Emma,3.0
FRANC,4.0
For Love and Lemons,3.0
Flax and Loom,4.0
Frugi,4.0
fairechild,4.0
Faithfull the Brand,3.0
Forét,4.0
FIL MELANGE,4.0
Fjällräven,3.0
Fair Indigo,5.0
FTC Cashmere,4.0
FTLA Apparel,4.0
Fanfare,4.0
FREITAG,4.0
Farm to Hanger,4.0
Flowfold,3.0
Galamaar,3.0
Gaia Segattini Knotwear,4.0
Good Guys,4.0
Gergana Ivanova,3.0
Good Citizens Eyewear,4.0
GAI+LISVA,4.0
Goddess Gear,4.0
Goat Organic Apparel,4.0
Glass Onion,5.0
Good for Sunday,4.0
Go Gently Nation,4.0
go as u.r,4.0
GR10K,2.0
GOT BAG,3.0
Granelito,4.0
goodtrip,3.0
Gina Marie Handbags,4.0
Gaia Conceptions,4.0
GARY MASH,4.0
Greenpacha,3.0
Garçon Français,4.0
Gazur,4.0
Graceful District,4.0
GOODEE,4.0
Gray Label,4.0
GRAMMAR,4.0
General Sleep,4.0
goodsociety,4.0
Greenfibres,4.0
HarperSage,4.0
HNST,4.0
GROUNDTRUTH,4.0
Hackwith Design House,4.0
Heiko,4.0
Hindbag,4.0
Happy Earth Apparel,4.0
HARA the label,4.0
harly jae,4.0
Haglöfs,3.0
Greg Lauren,4.0
GuterStoff,4.0
Hailey Gerrits,4.0
Gunda Hafner,4.0
Harriet Morris,4.0
Holly Ryan,4.0
Gugguu,4.0
HOCOSA,3.0
Hemen Biarritz,4.0
HERTH,4.0
Gung Ho Design,4.0
GUNAS,4.0
haikure,3.0
Grounded People,4.0
Harvest & Mill,5.0
Herdentier,4.0
Grüne Erde,4.0
Gyre,4.0
J. Hannah,4.0
Honest Basics,4.0
I was a Sari,4.0
HYER GOODS,4.0
Infantium Victoria,4.5
Hoppidi Handmade,4.0
Jack Wolfskin,3.0
Houdini,4.0
I’mdividual,4.0
Indego Africa,4.0
Hopaal,5.0
Isla In Bloom,4.0
INGMARSON,4.0
Icebug,4.0
HoMie,3.0
Ilk + Ernie,4.0
ID.EIGHT,4.0
ilovemixtapes,4.0
Hopeless Lingerie,4.0
iQ UV,4.0
INTOA design,5.0
Jackalo,5.0
Indiebride,4.0
In2Green,4.0
In The Soulshine,4.0
Horizon Athletic,3.0
JammaCaps,3.0
Johnstons of Elgin,4.0
Katla,4.0
JOYN,4.0
Jaffic,3.0
Kampos,4.0
Jyoti – Fair Works,4.0
JEM,4.0
Jamido,4.0
JENNIFER BEHR,3.0
Jackfruit the label,5.0
KAY KONECNA STUDIO,4.0
KATTAN,4.0
KasuReKids,4.0
Jamie + The Jones,4.0
JAN ‘N JUNE,4.0
Junk Studios,4.0
KAPOK KNOT,4.0
Joanie,4.0
Joslin,4.0
Joyya,5.0
Jenny Yoo,3.0
Katharine Hamnett,4.0
Juwelier Willer,3.0
Jillian Boustred,3.0
Josette la Chouette,5.0
Kapten & Son,4.0
Just Bee Queen,3.0
Kalaurie,5.0
Jungle Folk,4.0
Knock Knock,4.0
KIDSOFBROKENFUTURE,4.0
Kimoa,3.0
Kilomet109,4.0
Kings of Indigo,4.5
Konges Sløjd,3.0
Komodo,4.0
KENT,4.0
KORALI,3.0
KOHR,5.0
Kozii Swimwear,3.0
KnowledgeCotton Apparel,4.0
KIDS WORLDWIDE,4.0
Kuyichi,4.0
Krochet Kids,4.0
Kitikate,4.0
KIZASI,4.0
Kuwaii,4.0
KOKOworld,4.0
kekai Swimwear,4.0
Kiku Boutique,4.0
Klättermusen,3.0
Knickey,5.0
Know The Origin,4.0
Kordal Studio,4.0
Kimai,4.0
Leanne Marshall,3.0
LAmade Clothing,3.0
Lâcher Prise,4.0
LaBante,4.0
lemlem,4.0
Labienhecha,4.0
la fille d’O,4.0
Laura Lombardi,4.0
L’Estrange London,4.0
L’Envers,4.0
Lefrik,4.0
LAUDAE,4.0
LA Relaxed,5.0
LDP,5.0
Lauren Holloway,4.0
La Methode,4.0
Laura Elizabeth Jewelry,4.0
Lapuan Kankurit,4.0
Kysal,4.0
Lando Studio,4.0
lana,4.0
Leisure Lab,3.0
Leni Swims,4.0
LangerChen,4.0
LANIUS,4.0
Kzeniya,4.0
les boutons,4.0
La Bottega di Brunella,3.0
Lazy Oaf,3.0
Le Loopas,4.0
Linenfox,4.0
Licia Florio,4.0
Losano,4.0
Lost in Paris,5.0
Libeco,4.0
Little Emperor,4.0
Linen Wedding Dress,3.0
Lionel the Label,4.0
Les Récupérables,4.0
Little Man Happy,4.0
Londre Bodywear,4.0
Lola & Stella,4.0
Liv:ra,4.0
Living Crafts,5.0
LONGEVITY LONDON,4.0
Löffler,3.0
loud + proud,5.0
London W11,4.0
Little Green Radicals,5.0
LNDR,3.0
Lilian von Trapp,5.0
Little Nature Lover,4.0
Looptworks,4.0
Lilac Limited Crochet,3.0
Linenbee,4.0
Lonely Kids Club,4.0
Loop Swim,4.0
LOCI,4.0
Lezat,4.0
LOCAL EUROPEAN,2.0
Magenta Threads,4.0
Louisa Parris,4.0
Love and Confuse,2.0
Madia & Matilda,4.0
MANDALA,4.0
LUNGE,4.0
LOUDBODIES,4.0
LOVJOI,4.0
Mara Hoffman,4.0
Make An Impact,4.0
LoveLux,4.0
Maggie Marilyn,4.0
Mario Doni,3.0
LUNA & ROSE,4.0
Luva Huva,4.0
Magpie Goose,4.0
Lusana,3.0
Mama;licious,3.0
LOVE BRAND & Co,4.0
Luxtra,4.0
Mantis World,5.0
Marks & Spencer,3.0
Luna + Sun,4.0
Mariclaro,5.0
Manimekala,4.0
MagicLinen,3.0
Loyal E. Paris,4.0
Marcia,4.0
Malaika New York,4.0
MIMIKRI,4.0
Maxomorra,4.0
MIAOU,4.0
Merry People,3.0
Mila.Vert,5.0
Melissa Joy Manning,5.0
Megan Leone Designs,4.0
Mashu,4.0
MiiK,4.0
Miga Swimwear,4.0
Meemoza,4.0
MATONA,4.0
Miakoda,4.0
Martina Spetlova,4.0
milo+nicki,4.0
Mien,4.0
Mighty Good Basics,5.0
Mayamiko,5.0
Marlies Dekkers,3.0
Mightly,4.0
Mars Loves Her,4.0
Materiel,4.0
Martha Medeiros,2.0
MELAWEAR,4.0
Milkweed Baby,3.0
Maya Magal,4.0
Mata Traders,4.0
Mimi Holvast,4.0
Mimi Prober,4.0
Miss Rose Sister Violet,3.0
Molo,4.0
Mirasa Design,4.0
Most Prominent Co.,4.0
MINI A TURE,3.0
Monkee Genes,4.0
Mnmur,5.0
Minimalist,4.0
Morgan Lane,4.0
Muchachomalo,3.0
mmb by hand,4.0
Modibodi,3.5
Mini Rodini,4.0
MIUSA,4.0
Modallica,4.0
Mworks,4.0
MinimalisticLinen,4.0
MONKIND,4.0
Monica Vinader,4.0
Mumutane,4.0
mori,4.0
MISSING,4.0
Mother of Pearl,4.0
Moumout,3.0
Monsoon Blooms,5.0
Mochi,4.0
Mireia Playà,4.0
Monica + Andy,3.0
Nat-2,4.0
Nightswim,5.0
Näz,4.0
NDX,4.0
Natalie Perry,4.0
Naja,4.0
NICO,4.0
Natalija,4.0
NIKIN,4.0
Nimble,3.0
NiciArt,3.0
NAGNATA,4.0
NAGO,4.0
Napapijri,3.0
Natasha Tonic,4.0
MYMARINI,4.0
Natalie Marie Jewellery,4.0
NAE Vegan Shoes,4.0
Neococo,4.0
Myrrhia Fine Knitwear,4.0
Neem,4.0
nat’v basics,4.0
Natalie Rolt,4.0
Nike,3.0
Nina Nest,4.0
Natascha von Hirschhausen,4.0
Mykke Hoffmann,4.0
Nena & Co.,3.0
Neu Nomads,5.0
Nina Rein,4.0
Noani,4.0
Noctu,4.5
Nui Organics,4.0
Nomadic State of Mind,4.0
O My Bag,4.0
nu-in,4.0
Nobody Denim,4.0
Niovi Organics,4.0
NoMiNoU,4.0
Nu Swim,4.0
Norden,4.0
Noumenon,4.0
Nothing New,4.0
Normal Knit,4.0
NOT OURS,3.0
Nisa,4.5
NINA YUUN,4.0
nobodinoz,3.0
Non,4.5
Nurture The Nest,3.0
Nomads Clothing,4.0
Nube,5.0
NOAH,4.0
Not Just Pajama,4.0
Nubikk,3.0
Ognx,3.5
Olmsted Outerwear,4.5
Oobi,3.0
Ōshadi,4.0
OffOn,4.0
Orbasics,5.0
Origin,4.0
Oy,4.0
One Vintage,4.0
OVS,3.0
Olistic the Label,4.0
Organic Crew,4.0
Organique,4.0
Olderbrother,3.0
Okabashi,4.0
Orit Elhanati,4.0
Original Weekend,4.0
OMNES,4.0
Otiumberg,4.0
Offbeat Sweetie,4.0
Oddish,4.0
OhSevenDays,4.0
Ohoy Swim,3.0
O.T.A,4.0
Opera Campi,4.0
Osei-Duro,4.0
Olga Joan,4.0
Paparesta Accessories,4.0
Patrick McDowell,4.0
Pecegueiro & F.os,3.0
Phoebe English,4.0
Par Moi,4.0
Parva Studios,4.0
Petits Vilains,4.0
peony,4.0
Passion Lilie,4.5
Petit Pli,4.0
Parade,4.0
Panamuna Project,5.0
PaaPii Design,5.0
Park & Fifth Clothing Co,4.0
PETERSON STOOP,4.0
Peninsula Swimwear,3.0
Palava,4.0
Phyne,5.0
Philine of San Francisco,3.0
Pareto,4.0
PH5,3.0
Pala Eyewear,4.0
Pansy,4.0
Pantee,4.0
Pop My Way,4.0
Plant Faced Clothing,4.0
Pure Magnolia,4.0
Proclaim,5.0
Piccalilly,4.0
Pressio,4.0
Prairie Underground,4.0
Pig and Hen,4.0
PSYLO,4.0
Pico,4.0
Protean London,4.0
Piña,4.0
Puffin Gear,3.0
Poppie the Label,4.0
Pitupi,5.0
pinqponq,4.0
PLASTICITY,4.0
PLAYFÜL,4.0
POPLINEN,4.0
Prota Fiori,4.0
PRISTINE,4.0
Pippa Holt,4.0
Pleatsmama,4.0
Printfresh,4.0
Prim Stargazer,4.0
Puma,4.0
Pure Apparel,4.0
Polly Wales,4.0
Picture,3.0
Pure Pod,4.0
ReCreate,5.0
Reflexone,4.0
Recycledbags.Co,4.0
Real Deal Brazil,3.0
RÄTHEL & WOLF,4.0
Purnama,4.0
RE-BELLO,3.0
Purusha People,4.0
recolution,4.0
Redrew,4.0
Redwood Classics Apparel,4.0
Rentrayage,4.0
PYUA,4.0
Quazi Design,5.0
Rains,3.0
RÆBURN,4.0
RESAP Paris,4.0
Q for Quinn,4.0
RAANI the label,4.0
Rapanui,4.0
QWSTION,4.0
Rave Review,4.0
REEF,3.0
REER3,4.0
Qeelin,3.0
Pyrrha,4.0
Raven + Lily,4.0
Quincy Mae,4.0
S A Y A,5.0
RŪPAHAUS,5.0
RVDK,4.0
Salewa,3.0
Saana ja Olli,4.0
Rive Droite,4.0
Roberts Wood,4.0
Salomon,3.0
Safal Kids,3.0
RESTYLE,4.0
ROSE + REGGIE,4.0
Sage Larock,4.0
ReUsefulThingsStudio,4.0
RESIDUS,4.0
Ruhe,4.0
Saalt,4.0
Riley Studio,4.0
Rokit Vintage,4.0
Saint Basics,4.0
Salt Gypsy,4.0
Rotholz,4.0
Rice & Carry,4.0
Rodebjer,3.0
Rifò,4.5
Rumpl,3.0
S Threads Boutique,4.0
Sagebrush Surf Bags,4.0
Rowan Grey,4.0
Rudy Jude,4.0
Santos by Monica,4.0
Samuji,4.0
Sardine Clothing Company,4.0
Self Cinema,4.0
Señorita LEMONIEZ,3.0
SEP,4.0
Seea,4.0
SAYE,3.0
SeamsFriendly,4.0
SEEKER,4.0
Sami Miro Vintage,4.0
Sauths,3.0
Sarah Sue Design,4.0
Sealand,5.0
Sancho’s,4.0
Sense Organics,4.0
SEPTEMBER,4.0
Seek Collective,4.0
Seek Dry Goods,3.0
Salty Swimwear,3.0
Sasta,3.0
Sand Snow Linen,4.0
Seegarn,4.0
SANIKAI,4.0
Sans Beast,4.0
Seventy + Mochi,4.0
Savannah Morrow The Label,3.0
SANTICLER,4.0
Sandqvist,4.0
Solstice Kids,4.0
Shola Branson,4.0
Social Catalysts,4.0
Smalls Merino,4.0
Sotela,4.0
Softandwet,4.0
SKFK,4.5
Silou,4.0
Sinerji,4.0
simply grey,3.0
SHIBUI,4.0
sisam,4.0
SLVRLAKE,4.0
Sorella Organics,4.0
sherris,4.0
Shakti.ism,4.0
societywild,4.0
Smycka,3.0
Soleil Soleil,5.0
SNAP,4.0
Sevya,4.0
Sister Organics,4.0
soleRebels,4.0
Slow Stitch Studio,4.0
SILENT WAVE INDIGO,5.0
Son of a Tailor,4.0
Skall Studio,4.0
SO-LE Studio,4.0
SilkGenie,5.0
Solosix,4.0
STORY mfg.,4.0
SPELL,4.0
TAMGA Designs,4.0
Stay Wild,4.0
Tattered Eden,4.0
Sylven New York,4.0
Souldaze,4.0
SÜK Workwear,3.0
Sun50,4.0
SUI,4.0
SukkhaCitta,4.0
Stature,4.0
Soul Flower,4.0
Tasi Travels,4.0
Studio Courtenay,4.0
Swedish Stockings,4.0
Stephen Webster,4.0
Souple Luz,4.0
Svala,4.0
TALA,3.0
Tatti Chic,4.0
Talia Collins,4.0
Swim Against,4.0
Symbology,3.0
STANLEY/STELLA,5.0
Studio 189,3.0
Superstainable,4.0
Sustain by Kat,4.0
The Anjelms Project,4.5
The Blue Rabbit House,4.0
The Common Good Company,5.0
The Ethical Silk Company,4.0
TERAS,4.0
The Artful Mitten,5.0
Ternua,4.0
The Boy&I,4.0
The Campamento,4.0
The Kozm,4.0
TAUKO,4.0
Thaely,4.0
Terra Dea,4.0
Tetiana K,3.0
Teatum Jones,4.0
Terra Thread,4.0
The Level Collective,4.0
The Crafty Bird,3.0
The Knotty Ones,4.0
The bonnie mob,4.0
tehadesigns,4.0
The Blue Suit,5.0
Tekla,4.0
Teva,3.0
Tiger Prints,4.0
The Recycled Planet,3.0
Théla,5.0
The White Briefs,4.0
The Rushing Hour,4.0
Thunderpants USA,5.0
The R Collective,5.0
Thesus,4.0
The Standard Stitch,5.0
This is Unfolded,4.0
The Maker Collection,4.0
THE MORPHBAG BY GSK,4.0
Threads 4 Thought,4.0
The Moonrise Project,4.0
THEA WITH LOVE,3.0
The Social Outfit,4.0
Thunderpants NZ,5.0
The Very Good Bra,4.0
The Social Studio,5.0
The Spotted Quoll Studio,4.0
ThokkThokk,4.0
The SUSS Edit,4.0
The Summer House,4.0
The White Ribbon,4.0
The North Face,3.5
Thought,3.0
Thief&Bandit,4.0
The Tiny Closet,5.0
Thinking MU,4.0
Think Big Little People,4.0
Toby Tiger,4.0
Tultex,3.0
Tzoma,4.0
Tiny Twig,4.0
Tivoli,4.0
Two Sparrow Australia,4.0
Treekid,4.5
Tuckerman & Co,4.0
True Tribe,4.0
Timberland,4.0
Tree of Life,3.0
Touch Me Not,4.0
Twofold Clothing,4.0
TWOTHIRDS,4.0
Toit Volant,3.0
Tomorrow Denim,4.0
Tommy & Lottie,4.0
Tri Colour Federation,4.0
Tortoise The Label,4.0
Tropicfeel,3.0
Two Little Beans & Co,3.0
Tomo & Edie,4.0
TRENDY STREET,4.0
Titania Inglis,3.0
Turtledove London,4.0
Tripulse,4.5
U-MASK,4.0
Tread & Butter,3.0
Under The Nile,4.0
VATTER,5.0
Variety Hour,4.0
Unrecorded,4.0
Ulalü,4.0
UndeadMagpie,4.0
Untouched World,4.0
Ucon Acrobatics,4.0
VAUDE,4.0
Velocio,4.0
Underprotection,4.0
Velvet Heartbeat,4.0
Uskees,4.0
VENIM,4.0
Vernisse,4.0
Unrobe,5.0
Vanina,4.0
VegasRabbitClothing,5.0
UNOA,4.0
US Blanks,3.0
VEERAH,4.0
Vege Threads,4.0
Untold Jewellery,4.0
Ukiyo,3.0
Unbelts,4.0
Vesica Piscis,4.0
Will’s Vegan Store,4.0
Wear Your Love,3.0
VRAI,4.0
Virón,4.0
WAMA,4.0
Vild House of Little,4.0
WE-AR4,4.0
von Holzhausen,4.0
wayre,4.0
Wemoto,3.0
Vietopia,4.0
Wellicious,3.0
Vitamin A,4.0
Wild Country,3.0
WAWWA,4.0
WALD Berlin,4.0
WalkinThroughFlowers,5.0
West Activewear,3.0
village thrive,4.0
VYAYAMA,3.0
VOIT,3.0
Wildflo Studio,4.0
Wildling,4.0
Vigo Swim,4.0
Viverano,4.0
WeAreNativ,4.0
Wilson and Frenchy,3.0
Where Does It Come From?,5.0
WACCOWACCO,4.0
ZUZU & CO,4.0
WUF KIDS,4.0
Yuki Threads,4.0
WWAKE,4.0
wunderwerk,4.0
宝島染工 / Takarajima Senkou,4.0
XZOUIX,4.0
Yes And,4.0
Yes Friends,5.0
Yanawara,4.0
YU STEPANEL,4.0
Zazi,4.0
Zuri,4.0
Wuxly Movement,4.0
Wolf and Zephyr,4.0
Windsor Lane,4.0
Woron,4.0
Zulu & Zephyr,4.0
Wires,4.0
Wyatt and Jack,4.0
Zilver,4.0
Y.O.U Underwear,5.0
Womsh,4.0
Winter Water Factory,4.0
YoRo Naturals,4.0
Wouf,4.0
ZEROBARRACENTO,4.0
World Of Crow,4.0
石徹白洋品店 / Itoshiro Yohinten,4.0
Princess Polly,2.0
Brandy Melville,1.0
Shein,1.0
Abercrombie & Fitch,2.0
Amazon,2.0
ASOS,2.0
Forever 21,1.0
American Eagle,2.0
Alo,1.0
Acne Studios,3.0
Alice + Olivia,1.0
Sandy Liang,2.0
Billabong,2.0
Aritzia,2.0
Uniqlo,3.0
Area,2.0
Bottega Veneta,3.0
Brooks Brothers,1.0
Burberry,3.0
Chanel,2.0
Coach,2.0
Fendi,2.0
Gucci,3.0
Hermes,2.0
Louis Vuitton,2.0
Prada,2.0
Ralph Lauren,2.0
Saint Laurent,3.0
Telfar,1.0
The Row,1.0
Theory,2.0
Tom Ford,1.0
Tory Burch,1.0
Valentino,2.0
7 For All Mankind,2.0
Banana Republic,2.0
Boden,2.0
Buck Mason,2.0
Calvin Klein,2.0
Carhartt,2.0
Columbia,2.0
Djerf Avenue,3.0
Doen,3.0
Edikted,1.0
Everlane,3.0
Frankies Bikinis,2.0
Good American,1.0
House of Sunny,2.0
J.Crew,2.0
Levi's,3.0
Madewell,2.0
Quince,2.0
RE/DONE,2.0
Réalisation Par,1.0
REI,2.0
Sezane,2.0
Summersalt,2.0
Tommy Hilfiger,2.0
True Religion,1.0
Wrangler,2.0
Aeropostale,1.0
Boohoo,2.0
Cider,1.0
Fashion Nova,1.0
GUESS,2.0
Hollister,2.0
Hot Topic,1.0
House of CB,1.0
Mango,2.0
Missguided,1.0
Nasty Gal,2.0
PacSun,1.0
PrettyLittleThing,2.0
Primark,2.0
Romwe,1.0
Temu,1.0
Topshop,2.0
Torrid,1.0
Under Armour,2.0
Victoria's Secret,2.0
Yesstyle,1.0
Ann Taylor,2.0
Aerie,2.0
Garage,2.0
Pink,2.0
Esprit,3.0
LOVETRUST,4.0
Yoga Democracy,3.0
京和晒綿紗 / kyowazarashi mensha,3.0
Holzweiler,3.0
Isadore Apparel,3.0
Kathmandu,3.0
Peak Performance,3.0
MORI,3.0
BJ’s PJ’s,4.0
Owlivia,3.0
MARUPE LINEN HOUSE,3.0
Fruit of the Loom,3.0
Maya Eco,3.0
Silq Rose,3.0
Mummelito,3.0
Geggamoja,3.0
Rock On Ruby,3.0
menique,3.0
Dagsmejan,3.0
Loom,4.0
The Madison Collection,3.0
Y-3,3.0
Le Slip Français,3.0
UGG,3.0
Lelasilk,3.0
Merino Kids,3.0
LesJour!,3.0
Setup,3.0
Eco Tee Co,3.0
Hēdoïne,3.0
Organically,3.0
Le Gramme,3.0
Derbe,4.0
Accel Lifestyle,3.0
Smartwool,3.0
WAXON,4.0
GU,3.0
Bedhead Pajamas,3.0
Wallace Cotton,3.0
MANOLA,3.0
Kat The Label,3.0
Earth Baby Outfitters,3.0
GILDA & PEARL,3.0
Maylyn & Co.,3.0
les girls les boys,3.0
CDLP,3.0
MORALFIBRE,3.0
DUE.,3.0
Loulou Lollipop,3.0
Barta Jeans,4.0
Viktoria and Woods,3.0
Royal Apparel,3.0
MPG Sport,3.0
From The Heart,4.0
BELLA+CANVAS,3.0
Polarn O. Pyret,3.0
Hamilton and Hare,3.0
Xiao Wang,3.0
Message Factory,4.0
We Are HAH,3.0
Erin Snow,3.0
Macpac,3.0
Pour Les Femmes,3.0
Princesse tam.tam,3.0
