Brand,Title,Links
Shein,"$1000+  BACK TO SCHOOL CLOTHING TRY ON HAUL| Princess Polly, SKIMS, Shein, etc","https://youtu.be/WzSndjts7Dw
https://instagram.com/ariyannahkelis_?igshid=YmMyMTA2M2Y=
https://www.tiktok.com/@ariyannahkelis_?_t=8aY8dxmTLUQ&_r=1
https://pin.it/7G7EwFl
https://t.snapchat.com/JQio5MzB
https://www.kulanikinis.com/
https://m.westkiss.com/
https://www.trulybeauty.com/discount/ARI20
https://princesspolly.com/discount/CAMPUS20?rfsn=7132061.140d8d
https://mytopicals.com/
https://www.amazon.com/shop/ariyannah"
Shein,"back to school clothing haul 2023| shein, savage x fenty, nike, abyl, + more!","https://www.savagex.com/account/orderdetails/1387984560
https://www.savagex.com/shop/trophy-wife-cheeky-sleep-short-sq2253335-5275-14044615?q=Island%20Print
https://www.savagex.com/shop/liquid-metal-slip-sq2252359-7434-13764109?q=playtime%20pink
https://us.shein.com/SHEIN-Qutie-Overlap-Waist-Space-Dye-Track-Shorts-p-12594414-cat-1912.html
https://us.shein.com/Eyelash-Lace-Panel-Split-Hem-Cami-Night-Dress-p-3431939-cat-2209.html
https://us.shein.com/SHEIN-Essnce-Mock-Neck-Split-Hem-Tank-Top-p-12808839-cat-1779.html
https://us.shein.com/DAZY-Solid-Split-Hem-Patched-Drop-Shoulder-Tee-p-12232206-cat-1738.html
https://us.shein.com/SHEIN-LUNE-Solid-Ruched-Side-Pencil-Hem-Tank-Dress-p-11456937-cat-1727.html
https://us.shein.com/SHEIN-EZwear-Colorblock-Top-Stitching-Oversized-Tee-p-11437259-cat-1738.html
https://us.shein.com/SHEIN-EZwear-Balletcore-Solid-Flare-Leg-Sweatpants-p-12713682-cat-2990.html
https://us.shein.com/SHEIN-Priv-Solid-Button-Front-Halter-Top-p-14519546-cat-1779.html
https://us.shein.com/DAZY-Solid-Scoop-Neck-Ribbed-Knit-Tee-p-13425095-cat-1738.html
https://us.shein.com/SHEIN-Essnce-Solid-Ruched-Hanky-Hem-Tank-Top-p-16897498-cat-1779.html
https://us.shein.com/Lace-Trim-Cami-Night-Dress-p-9942774-cat-2209.html
https://us.shein.com/SHEIN-EZwear-Solid-Wide-Leg-Sweatpants-p-14821615-cat-2990.html
https://us.shein.com/SHEIN-Coolane-Drawstring-Waist-Flap-Pocket-Parachute-Pants-p-12712765-cat-1740.html
https://us.shein.com/SHEIN-EZwear-Slogan-Graphic-Drop-Shoulder-Hoodie-p-4749617-cat-1773.html
https://us.shein.com/Lace-Trim-Bow-Front-Split-Hem-Cami-Nightdress-p-10409367-cat-2209.htmL
https://www.youtube.com/watch?v=Xtpo89ygO0k&t=20s
https://www.youtube.com/watch?v=Wqf56ZeQWEM
https://www.youtube.com/watch?v=mr_dUP20nWA&t=219s
https://www.youtube.com/watch?v=Fna7TZawbMA
https://www.youtube.com/watch?v=9GfDsMui2KI
https://www.youtube.com/watch?v=KHoKOqV0lnk
https://www.youtube.com/watch?v=M0ZkhQsBPAM
https://www.youtube.com/watch?v=4v7zqcMuaEU
https://www.instagram.com/piperharperr
https://www.twitter.com/piperrharper
https://www.snapchat.com/add/piper_jasmine"
Shein,Shein haul + discount,"https://shein.top/qrtqbcg
https://shein.top/kzg0l4p
http://hoo.be/sophieannaston/
https://www.instagram.com/sophieannaston/?hl=en
https://www.tiktok.com/@sophieannaston?lang=en
https://bit.ly/3Ziv0Ns
https://bit.ly/3TYJXTX
https://shein.top/8hlu6tv
https://shein.top/qrtqbcg
https://shein.top/qrtqbcg
https://shein.top/eove1hb
https://shein.top/d4n48ob
https://bit.ly/3ZhkKFb
https://shein.top/kzg0l4p"
Shein,SHEIN TRY ON HAUL,"https://www.instagram.com/invites/contact/?i=5wdic15ksura&utm_content=zqdcbk
https://t.snapchat.com/a7hvXGo7"
Shein,Cute Shein Try On Haul | Affordable and Trendy Clothing Finds,"https://bit.ly/3L5r52R
https://bit.ly/3L5r52R
https://bit.ly/41RpXGf
https://bit.ly/3kSBAvZ
https://bit.ly/41RWxaY
https://bit.ly/3F4WDSF
https://bit.ly/3mtGYpH
https://bit.ly/3ygKjv3
https://bit.ly/3IUImcB
https://bit.ly/3KZObYS"
Princess Polly,"$1000+  BACK TO SCHOOL CLOTHING TRY ON HAUL| Princess Polly, SKIMS, Shein, etc","https://youtu.be/WzSndjts7Dw
https://instagram.com/ariyannahkelis_?igshid=YmMyMTA2M2Y=
https://www.tiktok.com/@ariyannahkelis_?_t=8aY8dxmTLUQ&_r=1
https://pin.it/7G7EwFl
https://t.snapchat.com/JQio5MzB
https://www.kulanikinis.com/
https://m.westkiss.com/
https://www.trulybeauty.com/discount/ARI20
https://princesspolly.com/discount/CAMPUS20?rfsn=7132061.140d8d
https://mytopicals.com/
https://www.amazon.com/shop/ariyannah"
Princess Polly,"spring try on clothing haul | urban outfitters, abercrombie, princess polly, + more","http://amzn.to/2DfL4cZ
https://thmatc.co/?l=0D6C01F1"
Princess Polly,"back to school clothing haul 2023 ðŸ‘›ðŸŒ¼ (aritzia, princess polly, nike &amp; air 1 jordan lows)","https://thmatc.co/?l=685FE87B
https://thmatc.co/?l=DCA424A0
https://thmatc.co/?l=60649951
https://thmatc.co/?l=C831F068
https://thmatc.co/?l=1E8321E7"
Princess Polly,"Huge summer clothing haul ft. Princess Polly, FashionNova, White Fox, and more | Jaz Vaughn","https://blacklivesmatters.carrd.co
https://suicidepreventionlifeline.org
https://tinyurl.com/y3vdy6s6
https://tinyurl.com/y2sfb95z
https://tinyurl.com/y59583ga"
Princess Polly,"HUGE princess polly clothing haul 2023 *new year, new wardrobe*","https://us.princesspolly.com/
https://www.instagram.com/adoreeangie/
https://vm.tiktok.com/ZMJXFQBmu/
https://linktr.ee/angelinaann
https://us.princesspolly.com/products/starman-coat-stone?variant=39818752589908
https://us.princesspolly.com/products/some-like-it-hot-lace-corset-onyx?variant=39691530666068
https://us.princesspolly.com/products/arnim-eco-nylon-long-sleeve-top-black?variant=39666998870100
https://us.princesspolly.com/products/lowell-eco-nylon-top-black?variant=39736522342484
https://us.princesspolly.com/products/mackey-cargo-utility-pants-black?variant=39707144421460
https://us.princesspolly.com/products/beretta-pu-top-black?variant=39667013255252
https://us.princesspolly.com/products/quinten-sweater-grey?variant=39671752589396
https://us.princesspolly.com/products/irena-strapless-mini-dress-green?variant=39717309415508
https://us.princesspolly.com/products/anaya-jumper-pink
https://soundcloud.com/lakeyinspired
https://youtu.be/5cmlgvekbYY
https://thmatc.co/?l=DD11B18B"
Princess Polly,"TRY ON HAUL FOR Yâ€™ALL: princess polly, urban outfitters &amp; vineyard vines",https://cuts.team/maddybrigham
Brandy Melville,HUGE Brandy Melville Try-On Haul 2023 (HONEST REVIEW) | ft. DREAM PARIS &amp; GLOWMODE,"https://bit.ly/3KGf2YX
https://www.dreampairshoes.com/products/sdkb224w?kid=7545
https://www.dreampairshoes.com/products/womens-stiletto-pointed-toe-slingback-pumps-sdpu2359w?kid=51499
https://www.dreampairshoes.com/products/womens-rhinestone-square-toe-platform--pumps-sdpu2319w-1?kid=51551
https://www.dreampairshoes.com/products/sdws2201w?kid=9051
https://shein.top/rbupser
https://shein.top/kme94b2
https://shein.top/u4qhyga
https://shein.top/ebtmknf
https://shein.top/w5i589e
https://shein.top/pgcr95h
https://www.depop.com/jvsminescloset
https://youtu.be/FBJQWL3_zkU
https://open.spotify.com/user/jvsmine..."
Brandy Melville,Brandy Melville And Aritzia Haul,https://thmatc.co/?l=E7093663
Brandy Melville,HUGE Brandy Melville TRY ON HAUL!! trendy clothing haul for 2023,"https://www.instagram.com/catherine.ada/
https://www.tiktok.com/@catherine.ada?lang=en
https://www.youtube.com/watch?v=DQAO97XGidM"
Nike,"back to school clothing haul 2023| shein, savage x fenty, nike, abyl, + more!","https://www.savagex.com/account/orderdetails/1387984560
https://www.savagex.com/shop/trophy-wife-cheeky-sleep-short-sq2253335-5275-14044615?q=Island%20Print
https://www.savagex.com/shop/liquid-metal-slip-sq2252359-7434-13764109?q=playtime%20pink
https://us.shein.com/SHEIN-Qutie-Overlap-Waist-Space-Dye-Track-Shorts-p-12594414-cat-1912.html
https://us.shein.com/Eyelash-Lace-Panel-Split-Hem-Cami-Night-Dress-p-3431939-cat-2209.html
https://us.shein.com/SHEIN-Essnce-Mock-Neck-Split-Hem-Tank-Top-p-12808839-cat-1779.html
https://us.shein.com/DAZY-Solid-Split-Hem-Patched-Drop-Shoulder-Tee-p-12232206-cat-1738.html
https://us.shein.com/SHEIN-LUNE-Solid-Ruched-Side-Pencil-Hem-Tank-Dress-p-11456937-cat-1727.html
https://us.shein.com/SHEIN-EZwear-Colorblock-Top-Stitching-Oversized-Tee-p-11437259-cat-1738.html
https://us.shein.com/SHEIN-EZwear-Balletcore-Solid-Flare-Leg-Sweatpants-p-12713682-cat-2990.html
https://us.shein.com/SHEIN-Priv-Solid-Button-Front-Halter-Top-p-14519546-cat-1779.html
https://us.shein.com/DAZY-Solid-Scoop-Neck-Ribbed-Knit-Tee-p-13425095-cat-1738.html
https://us.shein.com/SHEIN-Essnce-Solid-Ruched-Hanky-Hem-Tank-Top-p-16897498-cat-1779.html
https://us.shein.com/Lace-Trim-Cami-Night-Dress-p-9942774-cat-2209.html
https://us.shein.com/SHEIN-EZwear-Solid-Wide-Leg-Sweatpants-p-14821615-cat-2990.html
https://us.shein.com/SHEIN-Coolane-Drawstring-Waist-Flap-Pocket-Parachute-Pants-p-12712765-cat-1740.html
https://us.shein.com/SHEIN-EZwear-Slogan-Graphic-Drop-Shoulder-Hoodie-p-4749617-cat-1773.html
https://us.shein.com/Lace-Trim-Bow-Front-Split-Hem-Cami-Nightdress-p-10409367-cat-2209.htmL
https://www.youtube.com/watch?v=Xtpo89ygO0k&t=20s
https://www.youtube.com/watch?v=Wqf56ZeQWEM
https://www.youtube.com/watch?v=mr_dUP20nWA&t=219s
https://www.youtube.com/watch?v=Fna7TZawbMA
https://www.youtube.com/watch?v=9GfDsMui2KI
https://www.youtube.com/watch?v=KHoKOqV0lnk
https://www.youtube.com/watch?v=M0ZkhQsBPAM
https://www.youtube.com/watch?v=4v7zqcMuaEU
https://www.instagram.com/piperharperr
https://www.twitter.com/piperrharper
https://www.snapchat.com/add/piper_jasmine"
Nike,"back to school clothing haul 2023 ðŸ‘›ðŸŒ¼ (aritzia, princess polly, nike &amp; air 1 jordan lows)","https://thmatc.co/?l=685FE87B
https://thmatc.co/?l=DCA424A0
https://thmatc.co/?l=60649951
https://thmatc.co/?l=C831F068
https://thmatc.co/?l=1E8321E7"
